candidate_id,sample_id_a,sample_id_b,assigned_split_a,assigned_split_b,class_a,class_b,hamming_distance,verdict,rationale
P01,seg_test/seg_test/buildings/21648.jpg,seg_train/seg_train/buildings/1542.jpg,test,train,buildings,buildings,2,same_or_near_duplicate,Visual review: distinctive scene geometry and framing match; near-duplicate; exclude the non-test endpoint.
P02,seg_test/seg_test/forest/20098.jpg,seg_train/seg_train/forest/3396.jpg,test,train,forest,forest,2,same_or_near_duplicate,Visual review: distinctive scene geometry and framing match; near-duplicate; exclude the non-test endpoint.
P03,seg_test/seg_test/forest/20100.jpg,seg_train/seg_train/forest/4275.jpg,test,train,forest,forest,2,same_or_near_duplicate,Visual review: distinctive scene geometry and framing match; near-duplicate; exclude the non-test endpoint.
P04,seg_test/seg_test/forest/20754.jpg,seg_train/seg_train/forest/19563.jpg,test,train,forest,forest,4,same_or_near_duplicate,Visual review: distinctive scene geometry and framing match; near-duplicate; exclude the non-test endpoint.
P05,seg_test/seg_test/forest/20938.jpg,seg_train/seg_train/forest/5219.jpg,test,train,forest,forest,0,same_or_near_duplicate,Visual review: distinctive scene geometry and framing match; near-duplicate; exclude the non-test endpoint.
P06,seg_test/seg_test/forest/21126.jpg,seg_train/seg_train/forest/2339.jpg,test,train,forest,forest,2,same_or_near_duplicate,Visual review: distinctive scene geometry and framing match; near-duplicate; exclude the non-test endpoint.
P07,seg_test/seg_test/forest/21814.jpg,seg_train/seg_train/forest/17811.jpg,test,train,forest,forest,2,same_or_near_duplicate,Visual review: distinctive scene geometry and framing match; near-duplicate; exclude the non-test endpoint.
P08,seg_test/seg_test/forest/22570.jpg,seg_train/seg_train/forest/9419.jpg,test,validation,forest,forest,0,same_or_near_duplicate,Visual review: distinctive scene geometry and framing match; near-duplicate; exclude the non-test endpoint.
P09,seg_test/seg_test/forest/22993.jpg,seg_train/seg_train/forest/8394.jpg,test,validation,forest,forest,0,same_or_near_duplicate,Visual review: distinctive scene geometry and framing match; near-duplicate; exclude the non-test endpoint.
P10,seg_test/seg_test/forest/23791.jpg,seg_train/seg_train/forest/15586.jpg,test,validation,forest,forest,2,same_or_near_duplicate,Visual review: distinctive scene geometry and framing match; near-duplicate; exclude the non-test endpoint.
P11,seg_test/seg_test/forest/24108.jpg,seg_train/seg_train/forest/11447.jpg,test,train,forest,forest,0,same_or_near_duplicate,Visual review: distinctive scene geometry and framing match; near-duplicate; exclude the non-test endpoint.
P12,seg_test/seg_test/forest/24324.jpg,seg_train/seg_train/forest/15657.jpg,test,train,forest,forest,0,same_or_near_duplicate,Visual review: distinctive scene geometry and framing match; near-duplicate; exclude the non-test endpoint.
P13,seg_test/seg_test/forest/24324.jpg,seg_train/seg_train/forest/18807.jpg,test,train,forest,forest,0,same_or_near_duplicate,Visual review: distinctive scene geometry and framing match; near-duplicate; exclude the non-test endpoint.
P14,seg_test/seg_test/glacier/20713.jpg,seg_train/seg_train/glacier/11616.jpg,test,train,glacier,glacier,4,same_or_near_duplicate,Visual review: distinctive scene geometry and framing match; near-duplicate; exclude the non-test endpoint.
P15,seg_test/seg_test/glacier/20713.jpg,seg_train/seg_train/glacier/13228.jpg,test,train,glacier,glacier,2,same_or_near_duplicate,Visual review: distinctive scene geometry and framing match; near-duplicate; exclude the non-test endpoint.
P16,seg_test/seg_test/glacier/21060.jpg,seg_train/seg_train/glacier/11616.jpg,test,train,glacier,glacier,4,same_or_near_duplicate,Visual review: distinctive scene geometry and framing match; near-duplicate; exclude the non-test endpoint.
P17,seg_test/seg_test/glacier/21060.jpg,seg_train/seg_train/glacier/13228.jpg,test,train,glacier,glacier,2,same_or_near_duplicate,Visual review: distinctive scene geometry and framing match; near-duplicate; exclude the non-test endpoint.
P18,seg_test/seg_test/glacier/21060.jpg,seg_train/seg_train/glacier/5505.jpg,test,train,glacier,glacier,4,same_or_near_duplicate,Visual review: distinctive scene geometry and framing match; near-duplicate; exclude the non-test endpoint.
P19,seg_test/seg_test/glacier/21060.jpg,seg_train/seg_train/glacier/7861.jpg,test,train,glacier,glacier,2,same_or_near_duplicate,Visual review: distinctive scene geometry and framing match; near-duplicate; exclude the non-test endpoint.
P20,seg_test/seg_test/glacier/22112.jpg,seg_train/seg_train/glacier/13722.jpg,test,train,glacier,glacier,4,uncertain_possible_duplicate,"Visual review: glacier-face composition is highly similar, but same capture is uncertain; exclude the non-test endpoint conservatively."
P21,seg_test/seg_test/glacier/22254.jpg,seg_train/seg_train/glacier/13228.jpg,test,train,glacier,glacier,4,same_or_near_duplicate,Visual review: distinctive scene geometry and framing match; near-duplicate; exclude the non-test endpoint.
P22,seg_test/seg_test/glacier/22254.jpg,seg_train/seg_train/glacier/5505.jpg,test,train,glacier,glacier,0,same_or_near_duplicate,Visual review: distinctive scene geometry and framing match; near-duplicate; exclude the non-test endpoint.
P23,seg_test/seg_test/glacier/22254.jpg,seg_train/seg_train/glacier/7861.jpg,test,train,glacier,glacier,2,same_or_near_duplicate,Visual review: distinctive scene geometry and framing match; near-duplicate; exclude the non-test endpoint.
P24,seg_test/seg_test/glacier/22817.jpg,seg_train/seg_train/glacier/15424.jpg,test,train,glacier,glacier,2,same_or_near_duplicate,Visual review: distinctive scene geometry and framing match; near-duplicate; exclude the non-test endpoint.
P25,seg_test/seg_test/glacier/23714.jpg,seg_train/seg_train/glacier/3647.jpg,test,train,glacier,glacier,4,same_or_near_duplicate,Visual review: distinctive scene geometry and framing match; near-duplicate; exclude the non-test endpoint.
P26,seg_test/seg_test/glacier/23714.jpg,seg_train/seg_train/glacier/855.jpg,test,train,glacier,glacier,2,same_or_near_duplicate,Visual review: distinctive scene geometry and framing match; near-duplicate; exclude the non-test endpoint.
P27,seg_test/seg_test/glacier/23714.jpg,seg_train/seg_train/glacier/8558.jpg,test,train,glacier,glacier,2,same_or_near_duplicate,Visual review: distinctive scene geometry and framing match; near-duplicate; exclude the non-test endpoint.
P28,seg_test/seg_test/glacier/23898.jpg,seg_train/seg_train/glacier/15571.jpg,test,train,glacier,glacier,2,same_or_near_duplicate,Visual review: distinctive scene geometry and framing match; near-duplicate; exclude the non-test endpoint.
P29,seg_test/seg_test/glacier/24060.jpg,seg_train/seg_train/glacier/10412.jpg,test,train,glacier,glacier,2,same_or_near_duplicate,Visual review: distinctive scene geometry and framing match; near-duplicate; exclude the non-test endpoint.
P30,seg_test/seg_test/glacier/24060.jpg,seg_train/seg_train/glacier/13300.jpg,test,train,glacier,glacier,4,same_or_near_duplicate,Visual review: distinctive scene geometry and framing match; near-duplicate; exclude the non-test endpoint.
P31,seg_test/seg_test/glacier/24060.jpg,seg_train/seg_train/glacier/17845.jpg,test,train,glacier,glacier,2,same_or_near_duplicate,Visual review: distinctive scene geometry and framing match; near-duplicate; exclude the non-test endpoint.
P32,seg_test/seg_test/glacier/24096.jpg,seg_train/seg_train/glacier/17312.jpg,test,train,glacier,glacier,4,same_or_near_duplicate,Visual review: distinctive scene geometry and framing match; near-duplicate; exclude the non-test endpoint.
P33,seg_test/seg_test/mountain/20866.jpg,seg_train/seg_train/mountain/7401.jpg,test,train,mountain,mountain,4,same_or_near_duplicate,Visual review: distinctive scene geometry and framing match; near-duplicate; exclude the non-test endpoint.
P34,seg_test/seg_test/mountain/22921.jpg,seg_train/seg_train/mountain/8373.jpg,test,train,mountain,mountain,0,same_or_near_duplicate,Visual review: distinctive scene geometry and framing match; near-duplicate; exclude the non-test endpoint.
P35,seg_test/seg_test/sea/20212.jpg,seg_train/seg_train/sea/1345.jpg,test,train,sea,sea,4,same_or_near_duplicate,Visual review: distinctive scene geometry and framing match; near-duplicate; exclude the non-test endpoint.
P36,seg_test/seg_test/street/20296.jpg,seg_train/seg_train/street/5321.jpg,test,train,street,street,0,same_or_near_duplicate,Visual review: distinctive scene geometry and framing match; near-duplicate; exclude the non-test endpoint.
TV01,seg_train/seg_train/forest/11656.jpg,seg_train/seg_train/forest/15143.jpg,train,validation,forest,forest,0,same_or_near_duplicate,Visual review: distinctive scene geometry and framing match; near-duplicate; exclude the non-test endpoint.
TV02,seg_train/seg_train/forest/13310.jpg,seg_train/seg_train/forest/9604.jpg,validation,train,forest,forest,2,same_or_near_duplicate,Visual review: distinctive scene geometry and framing match; near-duplicate; exclude the non-test endpoint.
TV03,seg_train/seg_train/forest/13372.jpg,seg_train/seg_train/forest/15609.jpg,validation,train,forest,forest,2,same_or_near_duplicate,Visual review: distinctive scene geometry and framing match; near-duplicate; exclude the non-test endpoint.
TV04,seg_train/seg_train/forest/15454.jpg,seg_train/seg_train/forest/7665.jpg,validation,train,forest,forest,0,same_or_near_duplicate,Visual review: distinctive scene geometry and framing match; near-duplicate; exclude the non-test endpoint.
TV05,seg_train/seg_train/forest/19363.jpg,seg_train/seg_train/forest/5438.jpg,train,validation,forest,forest,2,same_or_near_duplicate,Visual review: distinctive scene geometry and framing match; near-duplicate; exclude the non-test endpoint.
TV06,seg_train/seg_train/forest/2381.jpg,seg_train/seg_train/forest/489.jpg,train,validation,forest,forest,0,same_or_near_duplicate,Visual review: distinctive scene geometry and framing match; near-duplicate; exclude the non-test endpoint.
TV07,seg_train/seg_train/forest/6480.jpg,seg_train/seg_train/forest/9504.jpg,validation,train,forest,forest,2,same_or_near_duplicate,Visual review: distinctive scene geometry and framing match; near-duplicate; exclude the non-test endpoint.
TV08,seg_train/seg_train/glacier/1013.jpg,seg_train/seg_train/glacier/6528.jpg,validation,train,glacier,glacier,0,same_or_near_duplicate,Visual review: distinctive scene geometry and framing match; near-duplicate; exclude the non-test endpoint.
TV09,seg_train/seg_train/glacier/1159.jpg,seg_train/seg_train/glacier/20016.jpg,train,validation,glacier,glacier,2,same_or_near_duplicate,Visual review: distinctive scene geometry and framing match; near-duplicate; exclude the non-test endpoint.
TV10,seg_train/seg_train/glacier/551.jpg,seg_train/seg_train/glacier/7615.jpg,validation,train,glacier,glacier,4,same_or_near_duplicate,Visual review: same ski slope/event with a changed skier pose; near-duplicate; exclude the train endpoint.
TV11,seg_train/seg_train/sea/3361.jpg,seg_train/seg_train/sea/6354.jpg,train,validation,sea,sea,0,same_or_near_duplicate,Visual review: distinctive scene geometry and framing match; near-duplicate; exclude the non-test endpoint.
TV12,seg_train/seg_train/street/15680.jpg,seg_train/seg_train/street/6508.jpg,train,validation,street,street,0,same_or_near_duplicate,Visual review: distinctive scene geometry and framing match; near-duplicate; exclude the non-test endpoint.
TT01,seg_test/seg_test/buildings/20858.jpg,seg_test/seg_test/buildings/22586.jpg,test,test,buildings,buildings,2,same_or_near_duplicate,Visual review: same test scene or near-identical frame; retain both test rows and document dependence.
TT02,seg_test/seg_test/forest/20916.jpg,seg_test/seg_test/forest/22917.jpg,test,test,forest,forest,2,same_or_near_duplicate,Visual review: same test scene or near-identical frame; retain both test rows and document dependence.
TT03,seg_test/seg_test/glacier/20713.jpg,seg_test/seg_test/glacier/21060.jpg,test,test,glacier,glacier,4,same_or_near_duplicate,Visual review: same test scene or near-identical frame; retain both test rows and document dependence.
TT04,seg_test/seg_test/glacier/21060.jpg,seg_test/seg_test/glacier/22254.jpg,test,test,glacier,glacier,4,same_or_near_duplicate,Visual review: same test scene or near-identical frame; retain both test rows and document dependence.